item_id,order_id,product_id,quantity,unit_price,discount_percent
1,256,365,2,164.44,10.67
2,505,7,1,766.6,54.15
3,381,323,1,497.42,98.54
4,503,188,5,984.55,91.6
5,591,132,3,63.61,79.93
6,34,515,4,353.82,86.04
7,124,531,2,465.47,68.92
8,389,104,1,332.18,61.28
9,270,243,3,276.71,95.85
10,511,435,3,218.43,70.07
11,411,287,3,456.22,57.14
12,103,277,5,806.05,55.53
13,154,485,4,807.61,17.66
14,530,324,4,787.48,30.0
15,49,408,5,107.99,16.33
16,488,99,2,455.36,33.47
17,571,264,3,350.7,41.18
18,204,179,3,979.58,28.46
19,500,458,3,890.74,38.11
20,149,172,3,644.17,92.86
21,586,415,4,850.41,7.13
22,322,325,2,656.48,71.04
23,278,456,5,783.16,93.88
24,462,424,5,175.64,85.42
25,258,82,2,218.47,39.7
26,485,56,1,36.1,39.7
27,160,87,1,658.28,88.55
28,291,454,3,630.22,13.13
29,366,334,-2,865.6,46.72
30,562,456,5,143.76,94.85
31,468,446,5,528.23,63.95
32,494,233,3,806.66,44.19
33,160,311,3,20.45,52.33
34,481,9,2,690.89,49.19
35,441,300,4,601.03,79.68
36,422,448,5,400.8,16.33
37,226,270,4,88.42,62.53
38,279,292,5,651.97,53.19
39,71,187,3,145.26,11.04
40,279,504,4,195.91,1.94
41,23,191,1,972.61,28.21
42,9,239,2,99.3,1.47
43,320,511,2,997.98,46.37
44,150,58,1,273.84,39.24
45,197,257,5,819.08,82.83
46,255,395,1,773.51,44.3
47,97,534,1,669.35,20.84
48,320,331,4,167.03,72.82
49,260,493,5,642.13,19.87
50,224,116,1,243.61,43.42
51,283,123,1,401.85,24.31
52,487,159,1,377.68,8.95
53,347,62,2,69.18,64.46
54,129,500,5,240.35,98.17
55,450,198,3,31.14,37.78
56,41,497,2,709.56,55.9
57,195,192,5,548.18,32.37
58,568,165,4,78.19,15.5
59,555,376,3,459.54,77.59
60,190,20,5,623.54,36.41
61,65,397,5,197.97,68.32
62,290,331,5,415.71,32.2
63,69,45,1,836.84,12.98
64,498,197,1,107.77,57.1
65,539,263,4,58.59,22.07
66,214,504,-1,929.12,83.21
67,63,370,4,562.44,93.82
68,60,273,4,533.73,73.43
69,222,532,3,106.15,72.52
70,198,539,5,660.31,57.0
71,572,426,2,748.65,76.63
72,470,438,5,884.0,16.68
73,517,346,2,660.96,53.39
74,361,323,5,554.58,99.69
75,441,332,3,612.33,56.31
76,564,261,2,366.41,45.24
77,36,292,-4,599.81,51.76
78,228,220,-3,857.16,2.17
79,524,159,3,103.34,46.04
80,376,256,2,240.66,81.11
81,583,223,1,736.92,72.36
82,591,98,4,599.28,30.04
83,58,343,5,354.45,81.71
84,124,233,4,750.2,84.95
85,392,56,1,311.74,4.12
86,335,515,5,700.79,15.32
87,590,517,4,99.18,43.19
88,345,85,4,481.1,74.53
89,88,409,5,506.8,77.38
90,493,203,2,492.98,65.22
91,537,253,2,249.89,26.63
92,590,92,4,121.4,41.36
93,329,353,3,597.94,2.42
94,359,453,3,626.95,44.05
95,383,160,2,760.16,85.28
96,249,152,1,870.06,82.01
97,114,313,1,455.56,2.27
98,217,209,2,550.96,75.04
99,145,19,5,382.84,90.6
100,175,62,5,291.17,78.92
101,477,9,5,75.93,66.04
102,20,300,3,868.74,64.94
103,521,102,2,904.83,48.47
104,191,204,5,505.64,45.8
105,543,313,1,340.23,39.34
106,361,364,-2,628.98,23.62
107,64,264,5,879.89,89.04
108,287,231,1,160.19,89.72
109,392,534,2,961.0,61.24
110,587,157,2,432.2,31.24
111,556,135,5,214.69,13.86
112,208,142,5,315.91,70.51
113,441,149,5,659.67,56.48
114,571,122,2,192.29,83.95
115,327,424,2,961.58,30.33
116,193,110,3,140.23,2.62
117,581,237,5,600.4,23.09
118,489,138,1,507.3,60.47
119,397,504,3,479.11,16.38
120,16,277,2,950.7,22.26
121,68,182,2,927.83,98.56
122,333,469,5,888.71,42.76
123,390,321,1,400.21,93.91
124,538,40,5,525.44,45.16
125,252,532,1,542.49,98.38
126,529,51,1,197.95,43.96
127,293,473,3,174.82,29.44
128,146,475,1,831.59,45.17
129,600,139,5,399.14,32.35
130,207,466,1,99.28,32.41
131,127,94,2,123.02,44.94
132,394,524,3,615.95,15.99
133,175,344,5,569.84,65.95
134,149,184,2,771.47,5.13
135,457,296,3,630.19,11.76
136,4,260,2,22.09,49.76
137,6,506,4,245.5,58.89
138,453,82,4,605.2,0.66
139,571,213,5,58.43,14.83
140,34,306,3,337.8,8.77
141,183,166,1,675.37,61.11
142,576,182,5,966.63,74.93
143,96,307,3,329.59,89.75
144,564,67,1,299.9,13.45
145,424,538,3,217.75,20.91
146,542,90,1,488.83,68.87
147,325,266,3,530.14,99.5
148,577,509,3,524.51,63.19
149,239,298,4,979.47,0.16
150,121,213,1,801.57,99.9
151,359,218,4,21.18,20.12
152,70,316,3,307.28,55.0
153,342,350,1,402.09,56.89
154,199,339,1,835.49,92.23
155,37,140,4,486.68,62.72
156,474,424,5,928.51,5.6
157,324,20,5,216.18,68.55
158,153,288,3,842.33,33.92
159,170,399,4,195.51,11.68
160,323,33,3,278.78,8.68
161,310,222,2,529.85,17.5
162,207,95,3,449.34,2.49
163,158,195,4,346.71,48.35
164,336,147,5,771.79,9.83
165,136,211,5,727.32,45.94
166,319,46,5,690.18,59.43
167,48,106,1,525.37,65.9
168,320,215,-3,327.67,19.25
169,452,121,3,279.93,15.75
170,574,527,-1,111.35,54.25
171,145,291,5,578.34,17.13
172,347,455,3,60.22,2.9
173,56,89,1,432.2,17.9
174,457,365,5,319.32,81.74
175,477,135,5,101.99,80.24
176,318,477,4,475.84,94.74
177,265,373,2,398.16,69.96
178,333,465,3,492.63,6.54
179,473,175,1,289.43,34.86
180,106,416,5,819.38,79.68
181,73,310,3,537.42,40.08
182,250,163,4,974.15,38.38
183,442,446,3,571.54,34.22
184,80,499,2,123.18,59.61
185,456,181,3,314.96,40.58
186,389,336,5,499.35,66.02
187,143,1,1,759.51,66.09
188,400,458,4,203.71,68.15
189,312,446,3,720.61,91.51
190,523,414,1,849.16,85.25
191,563,55,1,10.83,56.0
192,289,32,3,242.89,70.22
193,392,416,4,387.75,54.51
194,193,394,2,844.89,36.03
195,129,138,4,21.49,64.84
196,499,448,2,975.23,13.58
197,426,467,2,894.65,69.54
198,466,522,4,429.88,82.01
199,191,435,4,608.53,57.79
200,276,421,2,927.3,57.64
201,582,495,1,707.83,11.32
202,82,146,4,732.88,52.64
203,81,536,3,891.02,8.84
204,80,320,4,616.91,90.36
205,481,465,5,517.54,46.92
206,302,297,3,175.83,69.51
207,578,267,5,70.8,47.32
208,299,28,2,293.95,8.25
209,285,259,5,141.21,28.1
210,115,179,-3,911.03,73.9
211,180,268,4,784.7,23.62
212,34,352,2,984.23,96.73
213,158,508,5,755.23,41.29
214,451,172,4,218.75,73.44
215,271,119,3,62.0,46.4
216,546,240,4,386.0,70.56
217,544,446,4,21.74,92.72
218,324,43,4,106.39,53.13
219,443,280,3,341.62,26.71
220,599,401,1,466.5,67.53
221,200,533,2,344.03,69.03
222,11,9,2,833.37,1.2
223,457,360,1,227.22,28.33
224,95,59,2,939.12,65.66
225,125,123,2,95.52,60.47
226,580,190,4,897.04,69.57
227,78,465,3,923.47,27.64
228,332,264,4,170.35,7.4
229,341,62,1,265.66,81.28
230,504,206,2,614.2,17.84
231,554,442,4,226.2,64.33
232,106,36,4,82.19,57.13
233,20,510,3,157.37,64.03
234,273,156,1,703.05,90.46
235,503,490,-5,441.7,84.4
236,4,394,1,954.61,81.8
237,549,368,4,340.11,30.28
238,93,375,1,539.28,96.09
239,297,208,1,184.85,3.93
240,307,400,4,897.5,63.06
241,449,195,3,148.54,19.31
242,399,65,5,794.81,64.34
243,461,17,4,46.67,5.61
244,217,536,1,463.79,67.81
245,594,239,5,925.57,3.69
246,20,483,2,908.11,61.84
247,134,15,2,180.53,5.0
248,100,468,3,615.11,83.54
249,109,117,1,502.17,79.92
250,208,437,2,343.97,83.59
251,590,141,4,328.37,96.47
252,178,344,2,72.59,27.39
253,379,169,4,444.27,92.57
254,386,162,1,25.47,48.7
255,92,291,-1,422.06,80.74
256,212,147,4,643.43,52.31
257,179,39,4,600.31,71.72
258,309,357,5,424.6,55.77
259,543,98,2,622.73,86.27
260,476,214,5,283.66,19.37
261,486,510,2,184.56,67.01
262,373,292,1,217.49,25.14
263,465,45,5,113.38,5.25
264,30,497,5,519.75,7.09
265,594,334,2,424.88,74.71
266,113,334,3,235.5,23.71
267,385,226,4,82.79,58.51
268,149,222,1,928.61,45.5
269,469,199,4,635.7,97.56
270,33,62,2,287.8,11.11
271,176,352,4,227.66,29.52
272,175,236,2,95.61,85.7
273,222,485,4,838.62,27.92
274,253,254,4,334.02,57.95
275,588,6,5,423.59,4.42
276,517,35,4,431.44,39.43
277,247,86,1,562.9,1.24
278,136,368,4,302.83,64.76
279,313,166,-1,706.27,85.79
280,466,475,-5,774.12,87.42
281,380,476,4,706.86,0.14
282,341,34,1,303.62,75.29
283,213,83,5,624.25,33.57
284,373,53,1,119.86,36.56
285,376,180,5,651.69,70.49
286,210,142,5,981.44,23.86
287,595,215,1,755.64,76.09
288,274,516,3,683.42,27.71
289,464,498,1,506.44,82.96
290,546,300,4,457.46,36.81
291,469,90,1,89.37,89.79
292,79,112,3,173.12,11.2
293,210,534,2,952.58,2.27
294,555,136,4,479.17,42.01
295,65,23,1,873.08,23.23
296,422,352,5,659.2,78.68
297,543,456,4,463.43,56.73
298,267,233,3,489.4,97.07
299,292,467,1,956.65,61.86
300,293,187,2,973.47,83.93
301,120,43,2,993.84,57.45
302,189,211,4,566.86,3.47
303,152,382,3,453.94,97.55
304,26,415,5,931.76,76.85
305,160,5,4,970.45,54.61
306,303,486,5,897.02,96.96
307,579,453,5,345.3,11.23
308,143,120,4,315.0,40.16
309,95,335,2,64.48,64.13
310,285,201,5,32.32,53.84
311,90,525,4,400.48,49.05
312,58,370,5,403.58,71.6
313,382,13,4,291.8,35.14
314,90,221,4,730.57,44.42
315,296,168,4,807.62,97.04
316,425,143,4,837.16,59.79
317,487,538,2,986.77,6.61
318,91,7,5,415.37,91.44
319,474,141,4,207.26,83.23
320,44,310,3,836.24,30.39
321,230,28,5,793.31,15.4
322,484,128,3,657.27,89.27
323,251,30,4,128.16,27.72
324,371,493,1,569.92,86.83
325,123,383,4,517.4,57.53
326,60,150,3,326.48,87.83
327,55,280,2,367.55,63.62
328,299,79,3,518.73,76.64
329,172,331,2,873.72,82.68
330,372,99,3,539.08,35.16
331,531,289,-2,379.28,48.49
332,167,105,3,225.7,50.34
333,573,539,2,847.61,71.25
334,79,120,1,820.66,92.34
335,372,143,4,818.87,88.97
336,351,177,5,712.8,2.88
337,146,233,1,314.35,20.98
338,115,80,1,28.62,48.43
339,111,34,4,795.12,51.35
340,260,45,1,75.58,66.76
341,211,205,1,192.93,35.15
342,285,357,1,358.68,85.51
343,584,70,5,108.11,57.81
344,197,289,1,180.06,75.4
345,102,220,1,921.27,85.13
346,190,451,4,676.79,10.73
347,435,220,3,519.11,40.76
348,113,533,3,144.55,76.23
349,42,85,3,334.83,11.57
350,320,455,3,233.61,40.73
351,72,488,4,939.69,36.74
352,504,108,1,402.41,52.27
353,405,411,1,698.09,97.76
354,204,347,2,208.26,84.4
355,435,512,4,285.73,71.35
356,410,365,5,481.07,60.32
357,524,286,4,155.9,45.46
358,510,237,1,632.09,13.46
359,70,511,1,681.33,97.21
360,335,157,4,309.73,62.32
361,533,505,1,794.8,20.19
362,268,352,4,811.39,54.05
363,33,441,1,881.32,11.91
364,386,454,4,465.06,3.29
365,311,169,5,496.56,13.45
366,113,503,4,663.48,68.54
367,576,161,5,511.62,39.14
368,387,362,4,768.81,28.44
369,47,132,-1,838.56,34.89
370,350,390,-5,106.38,34.51
371,58,251,3,255.14,64.81
372,68,313,5,123.33,16.98
373,472,433,5,572.37,90.14
374,481,23,-3,985.91,37.77
375,101,501,4,109.06,67.51
376,348,171,3,618.68,36.33
377,78,220,4,294.48,4.75
378,232,95,5,720.53,57.82
379,69,487,5,432.83,34.73
380,310,517,1,806.09,43.29
381,425,412,5,258.75,51.54
382,20,529,5,864.08,57.68
383,479,275,2,937.79,53.27
384,445,62,5,527.05,36.43
385,308,446,2,416.16,86.02
386,423,274,1,825.47,64.6
387,242,416,3,246.1,15.0
388,318,476,1,490.53,99.13
389,38,207,4,167.76,13.64
390,285,181,3,647.85,4.22
391,57,86,4,320.77,29.8
392,417,373,1,674.96,88.57
393,144,242,4,120.81,73.45
394,595,538,1,259.29,88.46
395,321,338,2,834.01,73.72
396,224,148,2,115.75,21.41
397,261,58,3,495.45,37.47
398,434,487,1,685.91,96.33
399,377,316,2,30.86,96.68
400,56,246,5,260.45,38.47
401,125,243,3,859.07,38.85
402,262,309,4,99.35,82.27
403,165,450,2,635.04,87.95
404,281,83,4,824.97,94.05
405,341,433,4,877.99,82.02
406,519,68,2,358.34,60.21
407,465,29,5,764.36,64.14
408,140,4,2,406.66,62.83
409,114,162,3,257.11,71.36
410,421,328,2,456.98,87.35
411,336,289,2,206.68,41.45
412,387,230,2,30.53,2.3
413,235,92,5,974.39,19.83
414,440,267,2,157.76,95.8
415,121,15,2,721.4,43.52
416,507,122,4,232.24,20.31
417,507,392,3,138.9,85.63
418,290,194,5,424.15,40.85
419,269,242,-2,621.5,90.73
420,470,88,3,20.22,13.32
421,408,218,3,716.2,70.85
422,98,61,5,61.59,93.11
423,47,6,4,261.12,61.97
424,380,136,3,968.38,55.96
425,174,516,5,497.91,33.92
426,325,444,4,150.38,11.68
427,512,288,1,750.35,92.62
428,270,271,3,521.8,43.58
429,504,155,2,560.12,92.29
430,153,56,4,237.56,3.59
431,479,447,3,124.86,89.52
432,366,497,4,463.18,11.25
433,96,209,2,869.49,18.07
434,280,218,2,587.71,97.16
435,185,427,5,921.21,24.62
436,337,27,4,291.44,98.13
437,109,332,1,162.24,8.11
438,276,6,4,336.13,4.38
439,333,133,5,219.25,4.87
440,57,73,3,551.68,60.23
441,183,246,1,965.4,86.55
442,214,167,-1,394.62,40.24
443,503,443,2,738.53,92.17
444,99,377,5,517.53,48.96
445,577,434,4,99.32,42.25
446,445,437,3,102.02,51.33
447,159,508,4,532.01,64.72
448,448,82,1,908.14,47.76
449,308,255,2,527.86,29.55
450,47,526,1,116.56,42.49
451,583,260,1,361.9,58.56
452,474,184,-5,788.32,84.29
453,305,322,1,591.34,45.5
454,272,350,4,967.05,87.13
455,81,266,2,872.9,10.63
456,405,120,-5,23.17,65.58
457,499,311,4,622.31,97.39
458,405,310,3,96.76,13.51
459,17,193,2,860.42,20.92
460,447,196,2,95.23,76.97
461,23,120,2,174.44,15.24
462,483,21,4,861.2,58.52
463,402,53,2,340.51,10.27
464,508,298,4,46.65,39.97
465,500,238,5,717.15,52.83
466,567,66,4,275.17,64.83
467,356,460,4,700.54,2.08
468,481,353,3,443.73,50.76
469,348,480,5,139.85,29.34
470,369,484,4,801.76,84.45
471,89,495,5,137.81,19.95
472,426,506,5,310.62,20.94
473,368,268,1,363.47,15.86
474,66,346,5,436.31,61.76
475,499,265,1,993.73,78.49
476,571,274,1,897.35,85.34
477,107,52,5,927.37,43.78
478,114,109,4,783.84,60.97
479,43,520,1,114.36,62.99
480,161,300,2,711.08,76.2
481,102,158,4,650.62,33.46
482,207,450,2,969.94,76.92
483,486,350,1,293.89,17.13
484,425,370,3,633.15,24.55
485,234,142,5,803.75,41.34
486,529,371,4,944.3,44.26
487,530,72,1,93.93,31.48
488,403,38,2,663.57,64.15
489,533,303,5,425.11,88.58
490,322,353,5,17.82,27.98
491,151,414,5,451.73,20.51
492,453,354,5,888.8,78.16
493,309,87,4,46.6,33.45
494,554,291,2,221.6,51.17
495,164,24,3,37.61,79.66
496,312,433,5,987.09,11.04
497,266,520,1,360.93,4.77
498,587,6,1,458.62,98.3
499,547,240,5,356.83,28.45
500,387,533,5,740.14,10.52
501,370,466,5,107.01,71.16
502,64,436,4,889.62,47.63
503,539,413,4,592.36,51.89
504,599,511,4,640.1,99.65
505,427,167,4,152.9,12.71
506,526,121,4,697.53,45.54
507,573,379,1,922.48,11.88
508,379,297,4,49.88,15.33
509,384,311,3,301.04,2.8
510,432,50,2,937.45,30.52
511,501,3,3,131.1,34.86
512,587,318,1,570.11,90.03
513,136,142,4,509.72,46.09
514,153,334,4,98.42,62.48
515,239,405,5,345.61,4.58
516,91,170,4,710.14,57.2
517,127,88,3,200.5,61.87
518,584,535,5,197.5,47.58
519,545,185,1,962.75,27.5
520,594,455,2,93.8,53.35
521,47,504,3,863.35,2.33
522,25,325,4,388.19,9.1
523,293,148,1,190.84,76.83
524,418,174,2,68.32,96.11
525,60,306,-2,396.04,32.0
526,265,385,4,942.16,89.95
527,243,505,1,513.54,50.44
528,326,476,1,557.59,6.55
529,240,20,1,276.47,96.35
530,569,129,1,311.57,40.67
531,513,209,1,785.05,14.24
532,252,434,5,961.74,55.52
533,476,297,-1,656.53,16.74
534,494,280,1,601.89,83.95
535,218,523,4,288.5,16.14
536,308,92,5,401.35,12.3
537,287,443,2,218.74,50.48
538,351,268,3,979.84,70.78
539,330,350,3,218.52,95.9
540,137,3,-3,612.7,0.43
541,424,501,1,764.84,53.81
542,456,127,1,359.46,81.28
543,182,9,5,133.52,37.05
544,227,21,2,760.84,68.06
545,311,227,3,241.92,49.38
546,505,215,3,17.06,98.43
547,285,513,4,499.07,55.18
548,579,180,5,74.71,12.82
549,584,234,1,882.19,72.89
550,24,259,3,683.87,88.31
551,54,331,1,438.22,99.51
552,531,478,3,500.62,51.73
553,230,49,1,285.15,42.01
554,402,200,4,341.36,88.01
555,232,434,1,958.2,91.7
556,319,65,2,629.73,9.67
557,25,343,4,842.1,24.72
558,349,56,4,823.42,51.97
559,450,98,2,629.1,57.89
560,35,387,1,320.15,84.77
561,64,453,1,64.24,61.07
562,58,54,4,301.97,38.15
563,421,239,1,865.94,78.75
564,394,476,-5,797.21,87.99
565,27,465,5,522.04,58.78
566,70,199,1,905.33,12.6
567,432,493,5,727.38,44.46
568,46,62,2,136.4,58.45
569,367,319,5,587.83,54.11
570,317,352,2,298.15,97.03
571,149,59,5,245.01,81.92
572,433,353,5,203.45,20.04
573,350,194,2,671.18,69.48
574,340,344,4,619.94,41.87
575,44,508,2,227.21,0.37
576,478,219,2,246.63,73.46
577,385,211,3,406.31,82.61
578,76,367,1,39.72,11.52
579,600,369,3,53.47,2.97
580,225,269,2,721.65,33.98
581,201,23,5,184.32,26.18
582,141,389,-1,658.32,88.5
583,313,468,3,247.75,80.95
584,445,67,2,127.31,88.27
585,197,388,2,697.41,31.8
586,251,48,4,765.45,58.73
587,153,336,5,254.7,62.95
588,521,501,3,217.15,8.14
589,67,172,4,513.53,75.13
590,532,476,5,187.21,71.25
591,507,486,5,275.65,40.09
592,213,225,5,895.94,45.21
593,314,436,2,889.82,57.14
594,87,138,3,754.11,29.5
595,598,43,5,470.6,62.11
596,443,419,4,373.84,49.75
597,184,453,3,241.45,64.54
598,302,514,3,517.66,64.37
599,101,122,3,80.64,3.83
600,338,257,2,309.69,81.56
601,142,268,3,18.45,29.95
602,414,416,3,823.64,75.78
603,525,153,1,866.81,22.76
604,529,480,2,725.29,46.14
605,193,440,1,772.43,69.79
606,572,31,2,380.95,57.75
607,10,512,2,812.3,83.43
608,436,414,3,765.21,69.05
609,24,33,3,922.92,15.37
610,588,401,3,980.37,20.42
611,396,193,4,480.03,32.88
612,312,96,4,179.71,67.49
613,501,28,2,194.83,6.95
614,239,299,4,662.97,7.0
615,12,176,1,333.5,90.98
616,114,133,4,541.09,47.83
617,212,134,1,871.74,30.98
618,589,318,4,591.62,50.25
619,8,147,4,451.27,82.46
620,539,337,5,911.2,87.92
621,41,94,4,295.03,88.1
622,305,401,4,616.9,81.0
623,184,443,2,463.25,91.08
624,98,403,2,701.66,4.37
625,551,299,2,669.99,6.67
626,422,125,2,995.36,7.65
627,334,420,1,456.43,25.28
628,28,75,5,642.48,67.56
629,409,200,4,402.71,1.07
630,140,335,1,673.59,46.42
631,562,249,4,716.45,43.77
632,166,175,4,840.11,60.7
633,548,401,2,176.77,67.14
634,158,452,1,364.51,21.67
635,546,222,1,447.64,4.78
636,106,400,5,693.44,44.4
637,387,207,-5,929.53,37.46
638,17,432,2,37.66,1.46
639,65,226,2,959.16,9.66
640,46,426,2,517.38,81.56
641,195,213,3,934.98,39.51
642,219,109,4,363.01,17.36
643,13,399,4,220.64,22.01
644,378,45,3,76.66,21.86
645,512,105,3,715.41,79.13
646,98,333,5,981.6,69.63
647,326,494,2,76.84,1.76
648,524,239,5,508.39,70.46
649,128,317,1,244.03,42.85
650,62,141,2,380.78,29.66
651,39,244,2,924.18,59.81
652,337,138,4,285.35,64.36
653,425,296,1,753.05,22.9
654,211,56,3,907.57,66.5
655,228,391,2,526.26,18.35
656,504,72,1,954.12,5.21
657,129,94,2,181.94,54.88
658,81,437,2,727.74,31.15
659,181,255,2,310.07,57.64
660,493,82,2,951.5,35.96
661,452,433,4,510.24,73.49
662,494,21,2,764.31,42.74
663,308,157,1,557.32,17.57
664,465,291,4,381.4,60.6
665,481,201,1,163.18,18.96
666,384,504,1,410.51,41.58
667,383,394,4,494.66,64.1
668,40,128,5,390.98,56.56
669,262,357,2,514.51,48.86
670,395,435,3,738.31,24.24
671,371,29,1,700.5,64.53
672,151,261,3,254.94,57.83
673,95,394,-2,403.69,58.62
674,194,434,1,174.17,42.69
675,546,392,3,590.22,73.39
676,587,353,1,816.09,26.9
677,408,316,2,16.36,16.84
678,72,428,-4,529.71,65.45
679,384,191,4,707.01,19.8
680,113,462,2,571.42,21.26
681,188,197,2,266.76,90.23
682,112,171,4,89.01,8.57
683,351,31,1,589.79,47.79
684,273,8,-1,668.67,78.92
685,535,8,1,381.91,52.01
686,485,346,3,608.33,33.66
687,246,370,3,668.43,37.84
688,339,103,1,13.05,87.05
689,143,27,4,605.89,86.9
690,255,378,3,457.4,68.62
691,193,4,4,986.32,95.75
692,369,47,-3,969.9,73.58
693,497,410,4,741.81,79.4
694,488,103,3,736.93,29.39
695,533,517,2,41.43,49.79
696,562,479,1,176.37,44.63
697,554,247,1,250.92,17.04
698,30,165,1,929.71,32.65
699,226,264,4,669.27,95.15
700,548,504,1,99.54,69.18
701,67,352,2,383.24,71.74
702,576,448,4,810.36,22.36
703,115,92,1,346.84,59.22
704,119,377,2,136.14,31.34
705,2,319,4,71.27,53.56
706,328,374,4,799.54,93.39
707,228,110,2,401.36,53.83
708,304,225,4,504.83,45.58
709,36,328,5,315.8,99.03
710,588,490,1,634.77,21.57
711,386,61,3,981.33,33.31
712,231,54,2,923.93,77.6
713,307,164,4,991.15,54.79
714,485,357,3,760.14,39.11
715,290,200,5,704.1,54.8
716,595,56,1,851.31,70.96
717,592,141,4,447.46,48.24
718,201,10,2,368.6,85.61
719,152,386,1,950.89,42.71
720,99,365,2,974.42,17.96
721,528,347,1,597.46,96.97
722,122,247,4,402.68,30.27
723,385,92,5,779.95,86.49
724,456,377,4,21.49,11.66
725,522,231,1,32.8,57.3
726,97,186,5,390.12,100.0
727,129,102,4,331.98,71.38
728,21,404,5,560.5,53.64
729,532,128,5,755.97,20.75
730,185,6,1,559.17,80.05
731,589,212,1,656.11,8.78
732,36,87,3,980.13,50.61
733,176,434,3,977.33,65.82
734,532,301,2,662.57,44.49
735,321,536,5,911.68,99.68
736,215,102,5,665.99,4.47
737,307,221,1,957.85,60.21
738,285,132,2,731.81,42.2
739,391,168,5,406.06,8.33
740,147,209,3,79.85,73.27
741,578,524,2,608.9,41.97
742,445,389,2,35.65,60.36
743,545,113,1,687.14,40.68
744,372,342,3,780.29,14.63
745,101,387,2,979.69,22.22
746,127,180,1,531.21,87.55
747,502,98,5,533.67,70.05
748,102,50,3,179.04,94.65
749,545,413,4,482.09,12.76
750,160,130,1,151.24,56.76
751,380,256,3,681.43,41.82
752,363,480,4,507.21,27.58
753,235,313,4,639.28,8.69
754,321,93,3,638.33,7.67
755,170,59,2,93.74,28.59
756,11,435,4,680.26,93.24
757,528,128,2,411.42,61.63
758,548,354,1,251.78,73.9
759,44,460,5,965.0,67.45
760,180,77,5,373.38,13.33
761,433,508,3,385.3,37.33
762,256,121,1,297.16,48.31
763,583,404,3,225.29,30.48
764,37,475,5,893.57,84.84
765,472,337,1,305.37,10.72
766,191,412,3,360.99,10.13
767,542,527,4,899.52,41.07
768,257,232,-4,475.99,37.43
769,187,276,3,117.61,43.86
770,363,445,4,15.75,88.36
771,292,42,2,142.34,42.11
772,165,204,3,948.89,95.97
773,501,508,3,801.82,71.43
774,410,514,3,728.73,74.19
775,111,22,4,134.86,34.41
776,243,54,1,681.53,34.21
777,445,492,5,296.57,48.59
778,157,524,4,194.99,28.11
779,254,440,1,206.43,70.65
780,515,186,1,196.78,85.49
781,136,411,2,47.98,99.04
782,205,94,2,865.71,38.04
783,237,228,5,342.82,47.92
784,53,312,5,118.95,36.36
785,253,328,3,896.16,18.18
786,330,218,1,292.46,28.02
787,190,259,5,948.84,36.36
788,14,134,3,337.9,74.13
789,542,381,3,245.87,27.59
790,109,134,5,633.26,60.18
791,196,198,1,707.61,92.55
792,352,309,1,728.1,98.96
793,158,45,2,136.55,41.82
794,574,356,3,895.96,44.85
795,70,495,1,424.81,93.13
796,171,281,5,699.74,12.89
797,63,195,1,743.31,39.75
798,77,170,5,443.37,50.93
799,411,279,5,214.86,0.36
800,10,526,5,460.89,70.78
801,226,304,5,711.17,55.22
802,547,244,2,298.92,63.96
803,277,53,3,645.99,24.9
804,2,356,2,636.36,97.22
805,563,271,3,724.86,40.83
806,59,11,5,825.69,21.93
807,17,109,3,725.38,68.81
808,565,212,3,818.68,22.06
809,405,160,3,451.6,72.98
810,491,96,4,501.0,45.94
811,503,185,2,651.09,2.1
812,404,193,2,78.76,7.2
813,413,103,2,727.06,13.73
814,387,394,1,30.51,82.66
815,86,275,1,151.21,62.74
816,10,109,1,546.95,81.83
817,492,455,1,817.31,30.74
818,58,274,4,631.21,12.31
819,304,106,1,516.43,83.65
820,230,25,-2,234.41,38.54
821,232,394,3,689.9,71.49
822,113,230,1,110.72,95.58
823,342,122,3,366.89,92.47
824,155,183,1,434.34,33.48
825,154,309,2,628.51,28.7
826,512,378,1,933.55,81.07
827,153,151,1,327.05,39.06
828,116,438,4,959.99,27.85
829,131,187,1,769.86,35.26
830,424,342,4,146.84,94.4
831,563,510,2,543.36,49.26
832,394,86,5,585.15,42.18
833,225,90,5,242.84,0.29
834,486,137,1,921.7,5.96
835,143,302,3,465.78,83.53
836,432,249,5,218.63,22.46
837,147,387,2,735.75,69.61
838,109,76,4,482.06,59.39
839,375,145,2,88.2,7.71
840,427,154,5,767.76,46.98
841,307,482,2,417.41,33.73
842,160,62,1,882.35,3.21
843,12,406,2,834.35,67.99
844,265,514,4,312.97,22.73
845,95,535,2,383.78,95.11
846,58,225,2,398.37,82.25
847,80,480,5,482.64,65.27
848,169,56,4,805.31,64.66
849,107,80,2,369.07,77.88
850,289,167,-3,546.15,6.53
851,317,193,-5,556.17,63.84
852,88,46,1,568.1,79.02
853,96,317,1,18.39,35.66
854,513,200,3,321.33,39.06
855,100,340,3,413.21,74.15
856,154,25,1,591.3,38.21
857,39,298,5,169.61,68.24
858,96,238,1,885.56,80.75
859,165,514,2,521.14,72.87
860,350,459,5,787.5,33.9
861,442,41,3,891.77,77.42
862,77,157,4,571.23,99.44
863,147,317,1,551.66,96.89
864,466,322,1,178.02,29.56
865,373,362,1,98.34,17.92
866,485,263,4,765.51,44.2
867,583,500,2,49.2,85.9
868,133,452,4,373.06,84.48
869,424,519,3,455.59,87.74
870,59,251,1,702.75,56.08
871,298,385,2,166.62,39.93
872,474,96,1,355.45,46.85
873,477,112,5,94.96,73.18
874,205,412,4,335.43,31.73
875,488,118,5,285.59,3.83
876,150,219,2,326.98,3.13
877,64,371,5,791.66,97.86
878,24,434,2,277.15,63.57
879,281,415,1,90.89,87.38
880,538,220,4,672.95,25.94
881,439,351,1,963.73,29.69
882,430,494,2,480.74,68.88
883,448,364,2,913.47,57.03
884,204,80,1,725.5,57.85
885,325,15,2,159.0,45.87
886,325,117,2,794.1,67.39
887,4,462,3,943.89,85.73
888,593,100,4,46.12,74.57
889,560,171,2,604.93,21.61
890,591,15,2,376.55,36.38
891,515,128,3,702.32,64.89
892,361,361,4,829.9,42.58
893,181,470,3,434.1,17.69
894,447,391,5,292.18,65.96
895,102,90,4,807.88,10.38
896,422,107,1,501.44,75.17
897,455,516,5,585.42,3.26
898,217,229,3,779.11,55.16
899,481,128,1,357.11,79.38
900,406,8,4,940.22,78.22
901,271,315,5,840.1,79.51
902,5,425,4,42.35,2.62
903,532,326,3,341.74,95.92
904,401,198,4,620.11,39.33
905,592,440,1,137.58,63.63
906,326,530,2,166.86,23.1
907,591,402,2,844.6,62.73
908,163,331,3,211.72,9.33
909,157,29,-4,621.92,54.37
910,26,134,1,983.58,63.45
911,228,305,3,201.89,84.05
912,53,282,4,92.13,14.38
913,594,106,1,119.82,92.72
914,290,269,1,895.66,9.28
915,213,401,4,109.67,79.54
916,79,216,4,690.46,37.53
917,462,165,3,188.01,1.01
918,33,121,2,976.16,99.37
919,560,6,4,166.8,74.17
920,31,24,1,522.81,76.1
921,118,223,2,39.2,13.86
922,130,275,1,280.93,19.92
923,565,302,1,472.37,80.9
924,410,198,4,257.59,19.79
925,106,320,3,174.0,20.58
926,457,434,4,600.37,27.17
927,393,440,3,207.72,35.29
928,35,524,1,260.53,40.98
929,544,361,5,404.32,11.46
930,191,367,3,252.86,21.52
931,322,126,3,19.54,68.83
932,582,330,3,899.76,56.16
933,218,540,4,225.29,56.1
934,77,432,5,685.31,43.52
935,51,506,3,503.66,99.03
936,464,176,4,605.42,59.12
937,292,19,2,647.23,85.61
938,292,135,1,843.23,40.28
939,41,346,5,648.33,6.95
940,426,309,1,281.93,75.37
941,321,506,4,616.2,39.33
942,125,383,4,938.33,10.27
943,11,143,2,114.08,32.29
944,91,196,4,726.87,81.23
945,54,266,5,884.49,4.31
946,77,271,1,336.04,61.28
947,175,142,4,587.62,11.99
948,599,424,3,640.53,66.82
949,592,490,5,664.66,97.63
950,495,232,3,100.88,76.62
951,249,211,1,698.02,7.51
952,14,222,4,473.47,38.51
953,214,527,4,859.87,76.05
954,158,517,3,114.6,13.01
955,464,526,3,210.99,40.02
956,169,315,1,951.98,57.72
957,110,113,1,248.16,89.41
958,488,464,2,358.44,11.83
959,442,218,5,159.11,50.22
960,452,280,5,376.08,4.91
961,433,199,4,301.07,40.27
962,506,532,5,439.23,68.12
963,225,118,2,62.61,3.57
964,545,104,3,282.7,88.26
965,104,226,4,736.59,87.95
966,176,209,3,354.16,28.8
967,4,97,5,193.23,90.78
968,313,245,5,178.53,68.14
969,467,146,2,962.62,66.6
970,182,271,4,882.44,17.07
971,486,2,1,493.42,24.75
972,18,298,1,837.01,52.53
973,97,103,2,311.56,73.62
974,360,264,4,666.77,25.35
975,362,309,-4,713.06,89.14
976,277,532,5,730.93,2.07
977,146,366,4,502.85,24.44
978,92,199,4,921.44,37.78
979,558,461,1,987.46,87.61
980,358,340,2,397.12,41.73
981,43,533,3,704.82,83.42
982,466,356,1,295.52,96.95
983,151,478,4,684.11,52.32
984,167,311,3,491.96,6.46
985,42,223,-3,290.19,59.31
986,6,441,1,358.73,83.41
987,359,291,1,787.41,50.2
988,89,278,5,151.22,73.31
989,83,298,4,226.67,47.32
990,396,433,3,405.12,90.42
991,319,178,3,568.27,67.89
992,143,205,3,257.52,41.63
993,88,305,2,571.0,62.83
994,448,99,5,147.22,44.19
995,367,480,3,360.65,46.66
996,573,28,4,957.92,42.09
997,310,249,2,584.52,37.31
998,580,301,5,63.0,84.51
999,7,474,2,809.41,87.49
1000,87,57,4,277.47,98.62
1001,100,298,1,569.79,69.06
1002,599,524,1,741.97,5.3
1003,576,508,2,145.04,89.51
1004,319,7,2,807.56,62.37
1005,1,157,2,607.75,12.1
1006,107,486,1,34.41,50.58
1007,125,308,4,410.51,98.27
1008,560,267,2,823.47,68.13
1009,150,23,5,192.96,81.86
1010,560,206,2,481.4,29.0
1011,505,377,1,671.02,39.12
1012,436,152,1,37.69,45.71
1013,595,311,5,43.74,65.04
1014,364,143,5,473.23,72.31
1015,163,367,-3,505.63,86.1
1016,538,400,2,517.91,17.45
1017,577,348,2,464.89,85.87
1018,311,404,2,77.53,83.93
1019,484,185,4,580.28,92.74
1020,332,357,5,588.65,82.99
1021,163,238,1,105.58,10.62
1022,238,243,4,114.38,88.08
1023,431,66,4,71.31,25.05
1024,75,453,1,765.72,60.65
1025,329,111,1,701.74,37.76
1026,201,259,5,496.19,67.88
1027,166,445,2,815.7,80.87
1028,25,99,2,211.5,81.0
1029,418,74,1,347.3,68.24
1030,213,486,5,505.84,35.65
1031,69,450,5,433.24,37.61
1032,131,530,1,305.24,11.79
1033,554,339,2,32.32,82.13
1034,258,400,3,706.24,6.8
1035,77,248,2,854.66,93.18
1036,59,114,5,586.94,93.69
1037,34,347,3,427.19,20.05
1038,561,338,1,924.93,66.33
1039,75,37,1,352.39,7.08
1040,83,491,4,947.13,27.05
1041,509,520,1,232.99,35.03
1042,234,22,4,931.93,2.64
1043,389,19,2,556.97,5.21
1044,441,438,4,554.05,11.56
1045,377,361,1,201.71,43.65
1046,95,11,1,234.85,74.75
1047,16,256,5,814.5,7.66
1048,290,45,2,320.98,60.24
1049,133,408,2,483.91,12.24
1050,557,211,1,499.98,73.52
1051,226,455,3,716.0,94.14
1052,251,540,5,894.05,31.89
1053,56,355,5,901.42,70.55
1054,81,209,5,912.93,84.14
1055,567,216,5,131.52,72.49
1056,241,451,2,653.41,45.38
1057,35,277,-1,285.19,38.42
1058,394,508,1,28.66,38.26
1059,211,389,4,192.58,43.11
1060,33,357,1,937.85,91.01
1061,269,222,3,759.68,34.09
1062,438,59,5,809.32,55.33
1063,548,475,3,429.6,71.92
1064,391,479,5,748.18,92.47
1065,288,281,2,94.68,24.99
1066,585,405,5,48.22,27.43
1067,13,128,3,313.83,66.08
1068,455,474,3,27.09,0.89
1069,492,224,1,414.52,57.96
1070,565,322,1,953.76,44.04
1071,283,266,3,870.36,12.72
1072,51,239,2,123.3,3.85
1073,594,325,5,51.54,71.74
1074,266,264,1,25.96,84.49
1075,46,241,3,356.23,7.75
1076,80,243,4,212.0,57.04
1077,437,290,4,151.65,32.65
1078,418,384,3,475.98,97.35
1079,378,46,5,297.96,15.01
1080,217,321,-5,515.69,78.09
1081,353,221,5,385.05,58.27
1082,81,80,2,959.04,99.23
1083,589,429,5,543.58,12.12
1084,484,538,5,525.13,31.69
1085,301,250,2,335.4,79.9
1086,323,119,3,696.14,44.5
1087,361,518,4,85.68,36.23
1088,460,429,4,237.47,82.78
1089,251,418,2,677.36,66.59
1090,294,350,5,320.71,8.15
1091,152,507,4,636.3,77.26
1092,16,171,2,129.58,26.34
1093,482,104,5,135.13,3.41
1094,171,75,-4,141.05,86.69
1095,363,131,4,408.29,55.69
1096,345,111,3,994.19,4.52
1097,419,461,3,743.29,43.57
1098,188,522,4,92.95,89.56
1099,465,389,5,327.23,17.67
1100,100,238,5,304.38,34.11
1101,538,521,5,845.62,42.67
1102,183,147,3,51.52,94.51
1103,285,322,2,108.47,28.48
1104,499,450,1,231.4,16.93
1105,109,238,3,669.77,14.1
1106,521,173,2,37.08,90.25
1107,200,7,5,493.48,82.24
1108,585,437,3,734.77,52.09
1109,113,123,4,449.96,43.23
1110,141,286,3,734.32,11.65
1111,228,77,3,333.84,50.71
1112,526,76,3,709.74,31.48
1113,534,326,1,198.49,55.82
1114,9,252,1,145.51,37.62
1115,272,482,2,159.92,81.39
1116,204,91,4,951.32,85.72
1117,69,503,-2,562.16,20.85
1118,270,390,2,634.72,23.47
1119,185,308,3,842.28,87.5
1120,402,366,4,547.98,29.54
1121,295,430,2,969.67,32.54
1122,476,327,4,664.01,34.76
1123,496,501,4,605.05,68.72
1124,520,221,1,890.91,78.28
1125,331,268,1,678.24,41.12
1126,267,56,4,275.63,72.82
1127,47,316,3,453.16,22.13
1128,113,338,2,137.92,53.98
1129,93,342,1,913.11,76.68
1130,51,532,5,218.36,53.55
1131,406,235,2,297.29,16.14
1132,221,255,3,940.61,3.61
1133,540,105,1,506.48,79.13
1134,309,25,1,237.71,77.24
1135,127,387,2,658.72,13.12
1136,79,76,3,509.46,70.35
1137,555,156,-4,104.6,58.82
1138,320,332,4,430.9,74.35
1139,208,103,3,271.63,65.61
1140,440,96,4,230.03,40.63
1141,547,519,3,252.17,1.72
1142,382,111,4,457.75,57.79
1143,238,458,1,376.12,56.32
1144,86,98,3,565.28,20.77
1145,86,145,4,409.16,83.81
1146,581,239,5,68.34,49.34
1147,346,155,4,46.14,68.9
1148,6,275,5,693.49,75.5
1149,321,242,4,328.62,70.89
1150,84,108,5,431.45,7.75
1151,166,533,2,750.67,16.62
1152,117,40,4,886.65,49.52
1153,561,429,5,405.41,29.68
1154,278,536,4,329.16,88.95
1155,145,298,5,528.02,20.45
1156,381,532,5,608.47,47.21
1157,139,169,2,529.13,82.94
1158,184,154,1,475.79,99.33
1159,193,205,1,697.1,53.77
1160,480,161,3,76.1,63.63
1161,15,198,2,281.83,82.08
1162,314,377,4,628.26,40.33
1163,208,80,3,596.71,10.3
1164,270,105,2,135.44,52.23
1165,284,485,4,217.21,0.27
1166,94,151,2,151.9,47.55
1167,54,141,1,516.59,43.97
1168,513,121,4,248.37,39.32
1169,364,320,4,840.26,31.7
1170,220,171,1,946.04,83.36
1171,574,453,2,495.19,78.9
1172,446,357,1,186.23,86.61
1173,355,435,4,221.64,55.98
1174,184,11,2,203.88,36.1
1175,318,337,-2,103.17,36.89
1176,14,280,3,43.19,27.5
1177,260,281,4,629.02,97.11
1178,483,466,1,495.4,47.34
1179,40,379,5,38.55,89.43
1180,182,135,2,92.0,83.41
1181,64,322,1,106.5,54.41
1182,18,341,2,838.9,84.82
1183,174,376,3,521.18,94.05
1184,63,67,4,201.01,76.13
1185,86,177,2,448.96,27.55
1186,420,178,2,638.95,84.21
1187,575,360,1,126.54,46.63
1188,475,91,1,125.1,9.06
1189,21,174,1,790.85,21.75
1190,253,316,3,838.94,64.23
1191,136,318,2,62.8,70.59
1192,579,324,2,419.84,83.53
1193,182,303,3,266.76,43.96
1194,593,373,1,355.37,64.18
1195,175,38,4,950.17,58.52
1196,216,445,2,353.45,81.09
1197,516,276,3,99.85,77.34
1198,268,33,3,922.7,51.7
1199,479,331,2,378.56,37.79
1200,331,108,5,633.18,86.93
1201,487,343,1,343.31,90.3
1202,314,167,2,472.17,18.62
1203,468,446,1,733.65,47.36
1204,383,346,2,487.73,40.12
1205,240,520,1,116.78,42.59
1206,411,30,3,172.39,16.64
1207,537,204,3,951.98,56.8
1208,342,56,2,970.62,30.93
1209,470,406,2,173.69,0.08
1210,177,309,2,314.45,18.46
1211,251,158,2,687.87,84.57
1212,164,353,-3,108.91,54.98
1213,484,386,4,833.03,70.62
1214,326,137,1,405.88,32.71
1215,435,404,3,538.77,34.69
1216,183,241,-5,375.44,33.99
1217,408,80,1,649.12,13.81
1218,310,446,2,101.92,38.41
1219,292,319,2,392.95,82.13
1220,432,184,1,171.91,68.23
1221,85,355,1,689.2,10.14
1222,13,165,4,325.84,57.47
1223,12,498,4,657.28,67.02
1224,311,436,4,266.06,63.41
1225,462,515,5,379.1,47.35
1226,374,115,3,787.64,98.07
1227,82,154,5,16.89,94.82
1228,528,466,5,440.54,46.48
1229,502,472,1,373.43,88.92
1230,346,304,3,769.17,2.35
1231,366,428,3,27.34,32.46
1232,366,38,1,535.96,39.62
1233,97,130,2,729.52,63.29
1234,354,470,4,692.1,24.41
1235,42,79,5,333.32,3.83
1236,104,392,5,517.51,72.54
1237,310,433,3,406.73,18.39
1238,82,444,3,965.51,79.36
1239,311,527,5,543.77,79.37
1240,485,221,1,763.11,43.69
1241,47,409,2,910.65,67.82
1242,213,20,-3,784.23,65.72
1243,326,100,3,229.11,1.81
1244,295,472,3,592.04,63.48
1245,488,13,3,349.52,31.96
1246,511,216,4,536.92,17.0
1247,34,81,4,635.07,56.13
1248,543,379,3,310.99,75.09
1249,31,160,4,628.61,16.67
1250,426,24,3,753.87,28.39
1251,385,135,4,384.64,94.88
1252,224,217,1,992.21,57.07
1253,411,419,2,358.5,21.78
1254,372,109,5,667.59,68.68
1255,546,402,3,232.85,40.4
1256,461,161,4,924.67,17.76
1257,343,476,-3,659.63,68.34
1258,429,429,1,416.19,63.64
1259,516,83,5,603.57,73.21
1260,256,171,1,573.61,47.19
1261,24,399,1,556.54,86.34
1262,246,180,2,477.45,71.28
1263,301,67,2,895.5,20.7
1264,455,248,4,798.79,97.28
1265,340,164,5,252.41,72.2
1266,34,417,-1,868.39,99.55
1267,428,267,4,884.52,53.73
1268,547,25,5,444.14,82.78
1269,408,41,1,369.74,71.66
1270,451,439,5,789.55,10.36
1271,594,115,3,724.77,36.65
1272,249,495,3,217.98,9.71
1273,504,251,1,759.41,34.24
1274,462,265,4,572.55,59.44
1275,296,27,2,228.81,37.09
1276,315,163,3,571.96,30.47
1277,159,132,4,155.06,29.23
1278,234,29,4,852.41,58.32
1279,266,373,2,723.93,74.55
1280,175,353,5,647.41,58.71
1281,384,388,5,866.75,48.52
1282,494,180,2,489.16,37.99
1283,317,212,1,232.07,27.83
1284,366,511,1,464.73,91.27
1285,537,234,1,743.96,36.36
1286,102,338,1,512.34,27.15
1287,551,82,5,970.73,5.6
1288,251,263,5,799.3,18.27
1289,468,182,2,49.83,60.91
1290,195,66,5,907.08,13.25
1291,234,250,3,589.82,58.13
1292,53,327,4,792.12,7.31
1293,86,488,4,205.42,54.24
1294,308,10,2,585.9,86.11
1295,454,200,1,593.05,63.49
1296,258,417,4,605.34,49.26
1297,495,527,2,290.92,64.53
1298,255,350,3,282.54,56.13
1299,115,187,3,492.7,31.92
1300,168,184,5,74.9,43.2
1301,454,351,3,641.5,53.86
1302,112,238,2,221.08,50.18
1303,484,106,3,687.9,92.76
1304,159,332,2,164.82,76.64
1305,161,334,2,957.14,98.12
1306,276,235,5,933.52,47.2
1307,314,342,3,729.44,82.92
1308,436,403,3,765.07,0.57
1309,419,363,4,649.33,13.99
1310,20,208,4,216.52,71.67
1311,25,330,3,433.22,38.24
1312,205,221,5,621.38,44.01
1313,249,165,3,332.23,47.97
1314,48,400,5,690.92,90.89
1315,385,61,4,110.43,63.96
1316,449,292,3,119.92,13.43
1317,424,156,1,875.21,58.98
1318,91,449,5,252.77,57.27
1319,299,23,3,149.06,76.99
1320,370,457,3,749.8,21.48
1321,472,371,3,339.68,67.77
1322,24,144,3,128.0,41.08
1323,50,62,4,913.85,51.23
1324,33,517,1,874.35,32.71
1325,589,342,5,638.03,73.44
1326,572,116,5,536.44,79.86
1327,480,196,1,754.39,76.71
1328,477,463,4,890.46,99.43
1329,75,187,2,651.36,33.98
1330,443,22,5,407.45,29.38
1331,20,9,5,232.98,42.71
1332,599,335,3,537.04,65.36
1333,589,364,2,894.31,71.49
1334,152,212,5,315.4,10.09
1335,41,131,5,544.68,95.47
1336,236,214,3,209.68,16.33
1337,223,364,3,37.02,87.76
1338,385,27,4,449.51,74.39
1339,458,450,2,405.19,20.56
1340,128,96,4,969.55,50.67
1341,125,167,5,759.04,12.04
1342,367,325,4,420.98,21.03
1343,369,490,1,262.73,11.2
1344,390,431,-4,406.31,85.75
1345,318,67,3,439.81,84.78
1346,87,400,3,877.18,1.59
1347,332,47,3,149.33,24.9
1348,532,160,-5,148.82,46.98
1349,215,301,1,377.99,41.49
1350,179,532,2,965.65,74.2
1351,113,167,2,39.68,20.41
1352,272,329,4,38.19,2.58
1353,36,148,1,914.44,4.65
1354,538,174,4,166.59,1.49
1355,68,116,2,969.04,46.44
1356,550,451,4,143.06,60.33
1357,481,264,1,136.92,65.64
1358,99,490,3,497.87,83.11
1359,225,528,5,138.51,94.23
1360,98,414,2,289.48,61.5
1361,190,309,2,335.34,97.4
1362,592,274,5,762.29,13.17
1363,149,36,4,750.46,79.98
1364,187,15,1,151.52,3.41
1365,331,12,2,576.37,48.38
1366,592,416,3,457.58,21.48
1367,451,121,5,747.51,65.55
1368,346,191,5,262.73,80.7
1369,468,99,4,671.33,34.24
1370,375,437,5,645.87,96.48
1371,469,114,2,129.07,71.27
1372,315,464,2,441.8,98.43
1373,517,187,1,403.58,94.12
1374,228,18,5,206.69,74.46
1375,156,538,5,56.53,53.32
1376,544,171,5,380.73,10.01
1377,232,156,2,545.41,95.51
1378,286,51,4,959.47,94.89
1379,535,432,3,894.81,46.8
1380,308,1,2,84.12,70.83
1381,69,61,3,757.62,14.03
1382,249,401,4,788.45,64.61
1383,255,359,4,79.83,96.34
1384,412,127,3,728.72,58.59
1385,146,283,2,762.98,1.08
1386,537,106,1,773.94,59.84
1387,306,128,2,545.85,61.0
1388,350,279,2,949.99,4.1
1389,478,437,3,589.13,87.62
1390,231,536,4,112.02,99.76
1391,372,248,5,870.67,66.49
1392,108,287,4,843.9,73.24
1393,337,430,3,670.31,25.12
1394,104,498,3,250.32,49.5
1395,273,107,5,997.33,82.63
1396,580,385,4,610.56,87.04
1397,111,101,4,579.87,11.75
1398,432,404,2,721.11,3.99
1399,588,536,4,46.9,39.87
1400,27,222,4,571.26,2.41
1401,423,30,3,731.77,84.94
1402,353,361,3,973.84,24.87
1403,333,470,4,702.11,63.48
1404,561,330,2,743.3,75.33
1405,92,342,2,358.29,53.82
1406,314,104,2,915.03,9.04
1407,510,191,4,759.0,20.21
1408,449,371,4,757.22,95.93
1409,195,318,-3,909.74,70.02
1410,574,183,5,403.99,69.56
1411,415,270,2,154.31,34.02
1412,395,107,3,846.56,73.63
1413,85,332,3,999.44,44.25
1414,159,281,1,36.1,22.45
1415,232,451,2,651.42,21.6
1416,22,495,1,839.55,41.45
1417,197,423,5,194.2,51.86
1418,397,268,4,709.68,98.19
1419,374,241,3,326.95,35.71
1420,253,132,2,105.66,91.75
1421,549,322,5,113.76,82.63
1422,568,230,2,470.63,57.43
1423,449,510,1,595.15,6.47
1424,460,59,-2,896.88,47.66
1425,363,67,2,955.19,27.61
1426,29,503,3,436.52,76.44
1427,221,463,2,316.73,69.72
1428,584,521,3,946.81,14.42
1429,323,7,5,971.18,5.3
1430,73,66,3,534.47,73.04
1431,184,186,2,39.19,92.88
1432,97,414,1,578.26,94.9
1433,391,486,4,147.12,34.33
1434,182,441,1,880.27,49.97
1435,206,233,2,357.69,64.72
1436,97,537,1,265.19,87.93
1437,61,383,1,104.54,0.17
1438,335,394,-5,313.2,80.0
1439,72,177,5,196.6,62.09
1440,354,100,2,873.38,91.26
1441,182,452,5,709.3,87.97
1442,456,32,2,625.86,93.53
1443,320,299,1,116.7,68.3
1444,103,510,5,201.23,15.53
1445,466,399,5,786.22,94.4
1446,253,375,5,149.97,96.04
1447,414,43,4,364.74,91.66
1448,102,533,4,100.04,65.48
1449,545,535,5,400.24,54.64
1450,139,459,2,765.89,29.3
1451,387,85,4,495.56,49.12
1452,399,314,3,502.64,78.64
1453,57,43,3,196.2,8.92
1454,585,178,5,644.52,73.93
1455,311,395,-5,196.36,96.42
1456,445,521,1,528.74,17.83
1457,46,220,3,107.66,95.0
1458,75,209,2,500.32,57.11
1459,391,211,-5,901.32,11.63
1460,247,339,-3,984.56,98.71
1461,412,46,2,164.37,59.88
1462,433,318,5,212.83,87.87
1463,11,426,3,825.32,37.71
1464,500,260,2,604.13,62.65
1465,460,132,4,666.33,22.3
1466,501,69,1,191.52,32.74
1467,408,292,3,540.9,28.47
1468,123,405,5,824.65,88.4
1469,510,206,1,135.84,99.56
1470,115,235,4,47.65,38.81
1471,70,248,1,441.59,37.09
1472,43,516,2,769.12,18.9
1473,45,15,2,949.1,34.13
1474,359,474,3,208.64,64.41
1475,299,518,4,73.01,18.4
1476,450,26,2,872.62,6.94
1477,295,165,2,151.93,96.42
1478,67,420,1,522.87,1.75
1479,330,380,2,48.05,90.15
1480,4,60,-2,815.57,76.87
1481,37,76,1,29.6,82.4
1482,396,290,4,688.75,38.68
1483,257,354,2,980.33,63.67
1484,157,466,4,541.09,36.01
1485,179,398,2,999.15,88.19
1486,443,308,3,152.54,45.99
1487,412,129,5,841.73,35.29
1488,428,472,4,736.11,44.39
1489,346,334,4,668.72,13.31
1490,223,196,5,572.7,94.8
1491,475,419,5,381.07,30.69
1492,112,464,4,307.32,83.29
1493,205,223,5,344.31,88.99
1494,443,185,4,943.77,2.38
1495,177,280,2,983.8,68.06
1496,589,203,2,159.18,31.65
1497,134,499,2,323.05,93.3
1498,37,100,5,789.09,8.58
1499,55,340,1,854.07,31.33
1500,155,219,3,314.49,6.6
